﻿Designator,Footprint,Quantity,Value,LCSC Part #
"C1, C2, C3, C4, C5, C6",0603,6,0.1uF,
C7,0603,1,10uF,
C8,0603,1,22uF,
"D1, D2",0805,2,LED,C2297
D4,D_SMA,1,SS14,
J1,PinHeader_1x04_P2.54mm_Vertical,1,Conn_01x04,
J2,USB_C_Receptacle_Hanbo_16P_TopMnt_Horizontal,1,USB_C_Receptacle_USB2.0_16P,C6332269
"J3, J4",PinSocket_1x22_P2.54mm_Vertical,2,Conn_01x22,
R1,0603,1,10k,
"R2, R5",0603,2,51R,
"R3, R4",0603,2,5.1k,
SW1,SW_Push_1P1T_XKB_TS-1187A,1,SW_Push,C318884
U1,LQFP-48_7x7mm_P0.5mm,1,STM32F042C6Tx,C88447
U2,SOT-223-3_TabPin2,1,AMS1117-3.3,C6186
U3,SOT-23-6,1,USBLC6-2SC6,C2827654
